,ลำดับที่,หน่วยงาน,เลขหมาย,มติ,วันที่,หมายเหตุ
0,1,บริษัท ทีโอที จำกัด (มหาชน),1100,8/2551,28 ก.พ. 2551,
0,1,บริษัท กิฟฟารีน สกายไลน์ ยูนิตี้ จำกัด,1101,19/2557,23 ก.ค. 57,
0,1,บริษัท ซื่อตรง พร็อพเพอร์ตี้ จำกัด,1104,21/2557,22 ส.ค.57,
0,1,สำนักงานส่งเสริมการจัดการประชุมและนิทรรศการ (องค์การมหาชน),1105,7/2554,23 ก.พ. 2554,
0,1,บริษัท คราวน์ เทค แอดวานซ์ จำกัด (มหาชน),1108,25/2557,01 ต.ค. 57,
0,1,ศูนย์บริการข้อมูลภาครัฐเพื่อประชาชน (กระทรวงเทคโนโลยีสารสนเทศและการสื่อสาร),1111,26/2550,11 และ 12 ก.ค. 2550,
0,1,บริษัท เดอะไมเนอร์ฟู้ด กรุ๊ป จำกัด (มหาชน),1112,18/2553 และ 39/2553,29 ส.ค. 2551,
0,1,บริษัท โตโยต้านนทบุรี ผู้จำหน่ายโตโยต้า จำกัด,1114,26/2557,14 ต.ค. 57,
0,1,ธนาคารออมสิน,1115,18/2553 และ 39/2553,29 ส.ค. 2551,
0,1,กระทรวงคมนาคม (สำนักงานปลัด),1123,18/2553 และ 39/2553,29 ส.ค. 2551,
0,1,บริษัท ไทยประกันชีวิต จำกัด (มหาชน),1124,18/2553 และ 39/2553,29 ส.ค. 2551,
0,1,การประปานครหลวง,1125,18/2553 และ 39/2553,29 ส.ค. 2551,
0,1,การไฟฟ้าส่วนภูมิภาค,1129,18/2553 และ 39/2553,29 ส.ค. 2551,
0,1,การไฟฟ้านครหลวง,1130,18/2553 และ 39/2553,29 ส.ค. 2551,
0,1,องค์การบริหารส่วนจังหวัดปราจีนบุรี,1131,32/2558,2 ธ.ค. 58,20/2550 และ 23/2550 ได้รับจัดสรรครั้งแรก และยกเลิกตามมติ 3/2557 28 มค. 57
1,2,องค์การบริหารส่วนจังหวัดอ่างทอง,1131,20/2550 และ 23/2550,1 มิ.ย. 2550 และ 21 มิ.ย. 2550,
2,3,องค์การบริหารส่วนจังหวัดพัทลุง,1131,20/2550 และ 23/2550,1 มิ.ย. 2550 และ 21 มิ.ย. 2550,
3,4,กรุงเทพมหานคร,1131,20/2550 และ 23/2550,1 มิ.ย. 2550 และ 21 มิ.ย. 2550,
4,5,เมืองพัทยา,1131,20/2550 และ 23/2550,1 มิ.ย. 2550 และ 21 มิ.ย. 2550,
5,6,องค์การบริหารส่วนจังหวัดภูเก็ต,1131,20/2550 และ 23/2550,1 มิ.ย. 2550 และ 21 มิ.ย. 2550,
6,7,องค์การบริหารส่วนจังหวัดกระบี่,1131,20/2550 และ 23/2550,1 มิ.ย. 2550 และ 21 มิ.ย. 2550,
7,8,องค์การบริหารส่วนจังหวัดเลย,1131,20/2550 และ 23/2550,1 มิ.ย. 2550 และ 21 มิ.ย. 2550,
8,9,องค์การบริหารส่วนจังหวัดมหาสารคาม,1131,28/2552,19 ส.ค. 2552,
9,10,โรงพยาบาลองค์การบริหารส่วนจังหวัดภูเก็ต,1131,23/2550,18 พ.ย.54,ใช้งานร่วมกับ อบจ. ภูเก็ต
10,11,องค์การบริหารส่วนจังหวัดเชียงราย,1131,20/2550 23/2550 และ 28/2552,18 ก.ย. 2555,
11,12,องค์การบริหารส่วนจังหวัดสงขลา,1131,23/2550,28 พ.ย. 2554,
12,13,องค์การบริหารส่วนจังหวัดนครสวรรค์,1131,23/2550,9 เม.ย. 2554,
13,14,องค์การบริหารส่วนจังหวัดระยอง,1131,23/2558,30 ก.ย. 58,
0,1,สำนักงานเทศบาลนครนครปฐม,1132,20/2550 และ 23/2550,1 มิ.ย.50 และ 21 มิ.ย.50,
1,2,สำนักงานเทศบาลเมืองสมุทรสาคร,1132,20/2550 และ 23/2550,1 มิ.ย.50 และ 21 มิ.ย.50,
2,3,สำนักงานเทศบาลนครปากเกร็ด,1132,20/2550 และ 23/2550,1 มิ.ย.50 และ 21 มิ.ย.50,
3,4,เทศบาลนครหาดใหญ่,1132,20/2550 และ 23/2550,1 มิ.ย.50 และ 21 มิ.ย.50,
4,5,เทศบาลเมืองนาสาร,1132,20/2550 และ 23/2550,1 มิ.ย.50 และ 21 มิ.ย.50,
5,6,สำนักงานเทศบาลเมืองชะอำ,1132,20/2550 และ 23/2550,9 ม.ค.2551,
6,7,สำนักงานเทศบาลนครลำปาง,1132,20/2550 และ 23/2550,1 มิ.ย.50 และ 21 มิ.ย.50,
7,8,สำนักงานเทศบาลเมืองกาฬสินธ์,1132,20/2550 และ 23/2550,1 มิ.ย.50 และ 21 มิ.ย.50,
8,9,สำนักงานเทศบาลเมืองคลองแห,1132,20/2550 และ 23/2550,1 มิ.ย.50 และ 21 มิ.ย.50,
9,10,สำนักงานเทศบาลเมืองรังสิต,1132,20/2550 และ 23/2550,6 มิ.ย.2551,
10,11,สำนักงานเทศบาลเมืองบ้านไผ่ จ.ขอนแก่น,1132,20/2550 และ 23/2550,1 มิ.ย.50 และ 21 มิ.ย.50,
11,12,สำนักงานเทศบาลเมืองสุโขทัยธานี,1132,20/2550 และ 23/2550,11 มิ.ย.51,
12,13,สำนักงานเทศบาลเมืองกระบี่,1132,20/2550 และ 23/2550,1 มิ.ย.50 และ 21 มิ.ย.50,
13,14,สำนักงานเทศบาลเมืองปากช่อง,1132,20/2550 และ 23/2550,1 มิ.ย.50 และ 21 มิ.ย.50,
14,15,สำนักงานเทศบาลเมืองพัทลุง,1132,20/2550 และ 23/2550,1 มิ.ย.50 และ 21 มิ.ย.50,
15,16,สำนักงานเทศบาลเมืองจันทบุรี,1132,28/2552,19 ส.ค. 2552,
16,17,สำนักงานเทศบาลเมืองหัวหิน,1132,28/2552,28 ส.ค. 2552,
17,18,สำนักงานเทศบาลเมืองแม่โจ้,1132,28/2552,19 ส.ค. 2552,
18,19,สำนักงานเทศบาลสมุทรปราการ,1132,28/2552,19 ส.ค. 2552,องค์การบริการส่วนตำบลบางแก้ว (สำนักงานแจ้งให้ใช้ร่วม)
19,20,สำนักงานเทศบาลเมืองคอหงส์,1132,28/2552,5 พ.ย.2552,
20,21,สำนักงานเทศบาลเมืองอ้อมน้อย,1132,28/2552,16 พ.ย.2552,
21,22,สำนักงานเทศบาลนครภูเก็ต,1132,28/2552,30 พ.ย. 2552,
22,23,สำนักงานเทศบาลเนครอุดรธานี,1132,28/2552,28 เม.ย. 2553,
23,24,สำนักงานเทศบาลเมืองยโสธร,1132,28/2552,9 มิ.ย. 2553,
24,25,สำนักงานเทศบาลเมืองสงขลา,1132,28/2552,24 ส.ค. 2553,
25,26,สำนักงานเทศบาลเมืองศรีสะเกษ,1132,28/2552,29 ก.ย. 2553,
26,27,สำนักงานเทศบาลนครนครราชสีมา,1132,18/2553,30 มิ.ย. 2553,
27,28,สำนักงานเทศบาลเมืองปากพูน,1132,35/2558,23 ธ.ค. 58,
28,29,สำนักงานเทศบาลเมืองบ้านสวน,1132,23/2550 และ 28/2552,10 ม.ค. 2556,
29,30,สำนักงานเทศบาลเมืองสระบุรี,1132,23/2550 และ 28/2552,22 มึ.ค. 57,
30,31,สำนักงานเทศบาลเมืองลำสามแก้ว,1132,23/2550,12 พ.ค. 2554,
31,32,สำนักงานเทศบาลเมืองลัดหลวง,1132,19/2562,12 พ.ย. 2562,
0,1,บริษัท ทีโอที จำกัด (มหาชน),1133,8/2551,28 ก.พ. 2551,
0,1,มูลนิธิปวีณา หงสกุล เพื่อเด็กและสตรี,1134,18/2553 และ 39/2553,29 ส.ค. 2551,
0,1,กองกำกับการปราบปรามการกระทำผิดเกี่ยวกับการคุ้มครองผู้บริโภค (สำนักงานตำรวจแห่งชาติ),1135,18/2553 และ 39/2553,29 ส.ค. 2551,
0,1,กองกำกับการปราบปรามการกระทำผิดเกี่ยวกับทรัพย์../สิ่งแวดดล้อม (สำนักงานตำรวจแห่งชาติ),1136,18/2553 และ 39/2553,29 ส.ค. 2551,
0,1,บริษัท แปซิฟิก คอร์ปอเรชั่น จำกัด (จ.ส.100),1137,18/2553 และ 39/2553,29 ส.ค. 2551,
0,1,กองบัญชาการทหารสูงสุด กรมสื่อสารทหาร (กระทรวงกลาโหม),1138,18/2553 และ 39/2553,29 ส.ค. 2551,
0,1,หน่วยข่าวกรองทหาร (กระทรวงกลาโหม),1139,18/2553 และ 39/2553,29 ส.ค. 2551,
0,1,บริษัท ทีโอที จำกัด (มหาชน),1141,8/2551,28 ก.พ. 2551,
0,1,บริษัท เอ.ดี.เฮ้าส์ จำกัด,1142,29/2557,23 ธ.ค. 2557,
0,1,บริษัท ที.เอ็น.อินฟอร์เมชั่น ซิสเท็มส์ จำกัด,1143,29/2557,23 ธ.ค. 2557,
0,1,บริษัท เลนโซ่ ไดเร็ค จำกัด,1144,23/2559,27 ก.ย. 59,
0,1,บริษัท เชสเตอร์ฟู้ดจำกัด,1145,18/2553 และ 39/2553,29 ส.ค. 2551,
0,1,กรมทางหลวงชนบท (กระทรวงคมนาคม),1146,18/2553 และ 39/2553,29 ส.ค. 2551,
0,1,บริษัท ไซแมท เทคโนโลยี จำกัด (มหาชน),1147,29/2557,23 ธ.ค. 2557,
0,1,บริษัทแอดวานซ์ อินโฟร์ เซอร์วิสจำกัด (มหาชน),1148,18/2553 และ 39/2553,29 ส.ค. 2551,
0,1,บริษัทแอดวานซ์ อินโฟร์ เซอร์วิสจำกัด (มหาชน),1149,18/2553 และ 39/2553,29 ส.ค. 2551,
0,1,บริษัท ยัมเรสเทอรองตส์ อินเตอร์เนชั่นแนล (ประเทศไทย) จำกัด,1150,18/2553 และ 39/2553,29 ส.ค. 2551,
0,1,บริษัท บี-ควิก จำกัด,1153,3/2558,10 ก.พ. 2558,
0,1,บริษัท เอเชียน ไฟย์โตซูติคอลส์ จำกัด (มหาชน),1154,3/2558,10 ก.พ. 2558,
0,1,กองบังคับการตำรวจท่องเที่ยว (สำนักงานตำรวจแห่งชาติ),1155,18/2553 และ 39/2553,29 ส.ค. 2551,
0,1,สำนักงานคณะกรรมการการอาชีวศึกษา,1156,40/2553,29 ธ.ค. 2553,
0,1,สำนักงานอัยการสูงสุด (กระทรวงยุติธรรม),1157,18/2553 และ 39/2553,29 ส.ค. 2551,
0,1,สถาบันคุ้มครองเงินฝาก,1158,3/2558,10 ก.พ. 2558,
0,1,บริษัท กรุงไทย-แอกซ่า ประกันชีวิต จำกัด (มหาชน),1159,6/2558,31 มี.ค. 2558,
0,1,บริษัท สยามโกลบอลเฮ้าส์ จำกัด (มหาชน),1160,9/2558,7 พ.ค. 2558,
0,1,กรมสรรพากร กระทรวงการคลัง,1161,20/2553,14 ก.ค. 2553,
0,1,บริษัท เนสท์เล่ (ไทย) จำกัด,1162,10/2558,19 พ.ค. 2558,
0,1,มูลนิธิมิตรภาพสามัคคี (ท่งเซียเซี่ยงตึ๊ง) หาดใหญ่,1163,10/2558,19 พ.ค. 2558,กสทช. 10/2560 มูลนิธิมหากุศลใต้เต็กเซี่ยงตึ๊งนครศรีธรรมราช และมูลนิธิแม่กอเหนี่ยว จังหวัดยะลา ใช้ร่วม
0,1,กรมศุลกากร (กระทรวงการคลัง),1164,18/2553 และ 39/2553,29 ส.ค. 2551,
0,1,กรมการแพทย์ (กระทรวงสาธารณสุข),1165,18/2553 และ 39/2553,29 ส.ค. 2551,
0,1,สำนักงานคณะกรรมการคุ้มครองผู้บริโภค (สำนักนายกรัฐมนตรี,1166,18/2553 และ 39/2553,29 ส.ค. 2551,
0,1,สภาทนายความ,1167,18/2553 และ 39/2553,29 ส.ค. 2551,
0,1,บริษัท รักษาความปลอดภัย ซิเคียวริทัส (ประเทศไทย) จำกัด,1168,10/2558,19 พ.ค. 2558,เดิม บริษัท ซิเคียวริทัส (ประเทศไทย) จำกัด
0,1,กรมส่งเสริมการส่งออก (กระทรวงพาณิชย์),1169,18/2553 และ 39/2553,29 ส.ค. 2551,
0,1,สำนักงานปลัดกระทรวงเกษตรและสหกรณ์,1170,18/2553 และ 39/2553,29 ส.ค. 2551,
0,1,บริษัท เจ้าพระยามหานคร จำกัด (มหาชน),1172,11/2558,15 มิ.ย. 2558,
0,1,บริษัท เจ.เอส.พี.พร็อพเพอร์ตี้ จำกัด (มหาชน),1173,14/2558,6 ก.ค. 2558,
0,1,กรมวิชาการเกษตร (กระทรวงเกษตรและสหกรณ์),1174,18/2553 และ 39/2553,29 ส.ค. 2551,
0,1,บริษัท แอดวานซ์ อินโฟร์ เซอร์วิสจำกัด (มหาชน),1175,18/2553 และ 39/2553,29 ส.ค. 2551,
0,1,บริษัท ดี.ที.ซี. เอ็นเตอร์ไพร์ส จำกัด,1176,17/2558,13 ส.ค. 2558,
0,1,บริษัท ทีโอที จำกัด (มหาชน),1177,8/2551,28 ก.พ. 2551,
0,1,สำนักงานตำรวจแห่งชาติ (สำนักงานตรวจคนเข้าเมือง),1178,18/2553 และ 39/2553,29 ส.ค. 2551,
0,1,กองทุนบำเหน็จบำนาญข้าราชการ,1179,18/2553 และ 39/2553,29 ส.ค. 2551,
0,1,บริษัท ไทยสมายล์แอร์เวย์ จำกัด,1181,21/2558,2 ก.ย. 2558,
0,1,กรมอุตุนิยมวิทยา (กระทรวงเทคโนโลยีสารสนเทศและการสื่อสาร),1182,18/2553 และ 39/2553,29 ส.ค. 2551,
0,1,บริษัท ทูนประกันภัย จำกัด (มหาชน),1183,21/2558,2 ก.ย. 2558,
0,1,บริษัท แอดวานซ์ อินโฟร์ เซอร์วิสจำกัด (มหาชน),1185,18/2553 และ 39/2553,29 ส.ค. 2551,
0,1,สำนักงานคณะกรรมการกำกับและส่งเสริมการประกอบธุรกิจประกันภัย,1186,18/2553 และ 39/2553,29 ส.ค. 2551,
0,1,บริษัท ดาต้า ซีดีเอ็มเอ คอมมูนิเคชั่น จำกัด,1187,23/2558,23 ก.ย. 2558,
0,1,บริษัท เทเลอินโฟ มีเดีย จำกัด (มหาชน),1188,18/2553 และ 39/2553,29 ส.ค. 2551,
0,1,มูลนิธิณภาฯในพระราชดำริพระเจ้าหลานเธอพระองค์เจ้าพัชรกิติยาภา,1189,13/2558,30 มิ.ย. 2558,
0,1,กองบัญชาการตำรวจตระเวนชายแดน (สำนักงานตำรวจแห่งชาติ),1190,18/2553 และ 39/2553,29 ส.ค. 2551,
0,1,กองบังคับการปราบปรามการกระทำความผิดเกี่ยวกับการค้ามนุษย์ (สำนักงานตำรวจแห่งชาติ),1191,18/2553 และ 39/2553,29 ส.ค. 2551,
0,1,ตำรวจภูธรภาค 3 (สำนักงานตำรวจแห่งชาติ),1192,18/2553 และ 39/2553,29 ส.ค. 2551,
0,1,กองบังคับการตำรวจทางหลวง (สำนักงานตำรวจแห่งชาติ),1193,18/2553 และ 39/2553,29 ส.ค. 2551,
0,1,สำนักงานจเรตำรวจ (สำนักงานตำรวจแห่งชาติ),1194,18/2553 และ 39/2553,29 ส.ค. 2551,
0,1,กองบังคับการปราบปราม (สำนักงานตำรวจแห่งชาติ),1195,18/2553 และ 39/2553,29 ส.ค. 2551,
0,1,กองบังคับการตำรวจน้ำ (สำนักงานตำรวจแห่งชาติ),1196,18/2553 และ 39/2553,29 ส.ค. 2551,
0,1,กองบังคับการตำรวจจราจร (สำนักงานตำรวจแห่งชาติ),1197,18/2553 และ 39/2553,29 ส.ค. 2551,
0,1,บริษัท แลนด์ แอนด์เฮ้าส์ จำกัด (มหาชน),1198,18/2553 และ 39/2553,29 ส.ค. 2551,
0,1,กรมเจ้าท่า (กระทรวงคมนาคม),1199,18/2553 และ 39/2553,29 ส.ค. 2551,
0,1,สำนักงานคณะกรรมการกิจการโทรคมนาคมแห่งชาติ,1200,22/2549,29 มิ.ย. 2549,
0,1,สำนักงานศาลรัฐธรรมนูญ,1201,5/2552,12 ก.พ. 2552,
0,1,กรมสอบสวนคดีพิเศษ,1202,13/2552,22 เม.ย. 2552,
0,1,กระทรวงพาณิชย์,1203,30/2552,2 ก.ย. 2552,
0,1,สำนักงานคณะกรรมการกำกับกิจการพลังงาน,1204,30/2554,28 ก.ย. 2554,
0,1,สำนักงานป้องกันและปราบปรามทุจริตแห่งชาติ,1205,45/2548,21 ก.ย. 2548,
0,1,สำนักงานคณะกรรมการป้องกันและปราบปรามการทุจริตในภาครัฐ (สำนักงาน ป.ป.ท.),1206,45/2548,14 พฤษภาคม 2555,ใช้ชั่วคราว 1 ปี
0,1,สำนักงานคณะกรรมการกำกับหลักทรัพย์และตลาดหลักทรัพย์,1207,1/2557,7 ม.ค. 2557,
0,1,บริษัท โรงพยาบาลปากน้ำโพ จำกัด,1208,26/2558,21 ต.ค. 2558,เดิม บริษัท เท็น เอ็ม.ดี.นครสวรรค์ จำกัด
0,1,บริษัท เธียรสุรัตน์ จำกัด (มหาชน),1210,28/2558,3 พ.ย. 2558,
0,1,บริษัท วอลล์สตรีท อิงลิช (ประเทศไทย) จำกัด,1211,28/2558,3 พ.ย. 2558,เดิม บริษัท เอ็ฟฟีเชียนท์ อิงลิช เซอร์วิสเซส จำกัด
0,1,กระทรวงเทคโนโลยีสารสนเทศ และการสื่อสาร (ICT),1212,9/2552,16 มี.ค. 2552,
0,1,ธนาคารแห่งประเทศไทย,1213,18/2553 และ 39/2553,29 ส.ค. 2551,
0,1,บริษัท สตาร์ซ (ประเทศไทย) จำกัด,1214,28/2558,3 พ.ย. 2558,
0,1,บริษัท เทพสมบัติ จำกัด,1215,28/2558,3 พ.ย. 2558,
0,1,บริษัท เคอรี่ เอ็กซ์เพรส (ประเทศไทย) จำกัด,1217,32/2558,2 ธ.ค. 2558,
0,1,บริษัท บางกอก เชน ฮอสปิทอล จำกัด (มหาชน),1218,32/2558,2 ธ.ค. 2558,
0,1,บริษัท ไทยศรีประกันภัย จำกัด (มหาชน),1219,32/2558,2 ธ.ค. 2558,
0,1,บริษัท ฟอร์ท สมาร์ท เซอร์วิส จำกัด (มหาชน),1220,35/2558,23 ธ.ค. 2558,
0,1,บริษัท สิงห์ เอสเตท จำกัด (มหาชน),1221,35/2558,23 ธ.ค. 2558,
0,1,บริษัท สกูซี่ อิตาเลี่ยน เรสเตอรอง จำกัด,1227,3/2559,3 ก.พ. 2559,
0,1,สำนักงานตำรวจแห่งชาติ (ใช้เชื่อมโยงเครือข่ายระบบสารสนเทศ),1228,18/2553 และ 39/2553,29 ส.ค. 2551,
0,1,บริษัท ประกันภัยไมยวิวัฒน์ จำกัด (มหาชน),1231,5/2559,2 มี.ค. 2559,
0,1,บริษัท เรียลแอสเสท ดีเวลลอปเม้นท์ จำกัด,1232,9/2559,27 เม.ย. 59,
0,1,บริษัท ทางยกระดับดอนเมือง จำกัด (มหาชน),1233,9/2559,27 เม.ย. 2559,
0,1,บริษัท ทีโอที จำกัด (มหาชน),1234,8/2551,28 ก.พ. 2551,
0,1,บริษัท ทรู จีเอส จำกัด,1235,9/2559,27 เม.ย. 2559,
0,1,บริษัท ทรู คอร์ปอเรชั่น จำกัด,1236,9/2559,27 เม.ย. 2559,
0,1,บริษัท ทีพีไอ.อิมปอร์ต-เอ็กซ์ปอร์ต แอนด์ ชิปปิ้ง จำกัด,1237,9/2559,27 เม.ย. 2559,
0,1,บริษัท เค เอส ซี คอมเมอร์เชียล อินเตอร์เนต จำกัด,1238,9/2559,27 เม.ย. 2559,
0,1,บริษัท ทรู อินเทอร์เน็ต คอร์ปอเรชั่น จำกัด,1239,9/2559,27 เม.ย. 2559,เดิม บริษัท ทรู ยูนิเวอร์แซล คอนเวอร์เจ้นซ์ จำกัด
0,1,บริษัท ทรู มันนี่ จำกัด,1240,9/2559,27 เม.ย. 2559,
0,1,บริษัท ทรู มูฟ เอช ยูนิเวอร์แซล คอมมูนิเคชั่น จำกัด,1242,9/2559,27 เม.ย. 2559,
0,1,บริษัท บุญรอด เทรดดิ้ง จำกัด,1245,16/2559,12 ก.ค. 2559,
0,1,บริษัท คิวบ์ เรียล พร๊อพเพอร์ตี้ จำกัด,1246,17/2559,9 ส.ค. 2559,
0,1,บริษัท พีเอสไอ บรอดคาสติ้ง จำกัด,1247,17/2559,9 ส.ค. 2559,
0,1,บริษัท มหานครแม่สอดเวชการ จำกัด,1249,17/2559,9 ส.ค. 2559,
0,1,บริษัท เมอร์เซเดส-เบนซ์ (ประเทศไทย) จำกัด,1250,18/2559,23 ส.ค. 2559,
0,1,บริษัท ซินเน็ค (ประเทศไทย) จำกัด (มหาชน),1251,21/2559,13 ก.ย. 2559,
0,1,บริษัท จีเอ็มเอ็ม ซีเจ โอ ช้อปปิ้ง จำกัด,1252,21/2559,13 ก.ย. 2559,
0,1,บริษัท โรงพยาบาลศรีสวรรค์ จำกัด,1254,24/2559,11 ต.ค. 2559,
0,1,กรมประชาสัมพันธ์,1257,กสทช. 9/2560,9 ส.ค. 2560,(35/2559 10 พ.ย. 59 ภารกิจพิเศษ 6 เดือน)
0,1,บริษัท เจ ฟินเทค จำกัด,1258,2/2560,17 ม.ค. 2560,
0,1,บริษัท เอ็ม เอส ไอ จี ประกันภัย (ประเทศไทย) จำกัด (มหาชน),1259,2/2560,17 ม.ค. 2560,
0,1,บริษัท ชีวาทัย จำกัด (มหาชน),1260,2/2560,17 ม.ค. 2560,
0,1,บริษัท โอราโนส จำกัด,1263,7/2560,15 มี.ค. 60,
0,1,บริษัท ไทย แซทเทิลไลท์ ทีวี จำกัด,1264,7/2560,15 มี.ค. 60,
0,1,บริษัท แมคโนเลีย ควอลิตี้ ดีเวล็อปเม้นต์ คอร์ปอเรชั่น จำกัด,1265,7/2560,15 มี.ค. 60,
0,1,บริษัท เมเจอร์ ดีเวลลอปเม้นท์ จำกัด (มหาชน),1266,7/2560,15 มี.ค. 60,
0,1,บริษัท เอ็มจี เซลส์ (ประเทศไทย) จำกัด,1267,9/2560,28 มี.ค. 60,
0,1,บริษัท โตโยต้า บัสส์ จำกัด,1268,9/2560,28 มี.ค. 60,
0,1,บริษัท โรงพยาบาลพระรามเก้า จำกัด (มหาชน),1270,10/2560,18 เม.ย. 2560,เดิม บริษัท โรงพยาบาลพระรามเก้า จำกัด
0,1,บริษัท สยามไดกิ้น จำกัด (มหาชน),1271,10/2560,18 เม.ย. 2560,
0,1,บริษัท พีมาร์ท ซุปเปอร์สโตร์ จำกัด,1272,12/2560,3 พ.ค. 2560,
0,1,บริษัท ทีทีซี มอเตอร์ จำกัด,1274,กสทช. 9/2560,9 ส.ค. 60,
0,1,สถาบันหม่อนไหม (กระทรวงเกษตรและสหกรณ์),1275,28/2550,20 มิ.ย. 2550,
0,1,บริษัท ท็อปแวลู คอร์ปอเรท จำกัด,1277,กสทช. 9/2560,9 ส.ค. 60,
0,1,บริษัท ทีโอที จำกัด (มหาชน),1278,8/2551,28 ก.พ. 2551,
0,1,บริษัท ทรู ลิสซิ่ง จำกัด,1279,กสทช. 10/2560,23 ส.ค. 60,
0,1,บริษัท ฟีนิกซ์ ฟู๊ด อิมปอร์ต เอ็กซ์ปอร์ต จำกัด,1280,กสทช. 10/2560,23 ส.ค. 60,
0,1,บริษัท ซีโอแอล จำกัด (มหาชน),1281,กสทช. 10/2560,23 ส.ค. 60,
0,1,บริษัท ไทยซัมซุง อิเลคโทรนิคส์ จำกัด,1282,กสทช. 10/2560,23 ส.ค. 60,
0,1,บริษัท ชัปบ์ ไลพ์ แอสชัวรันซ์ จำกัด (มหาชน),1283,กสทช. 11/2560,6 ก.ย. 60,
0,1,บริษัท โฮม โปรดักส์ เซ็นเตอร์ จำกัด (มหาชน),1284,กสทช. 11/2560,6 ก.ย. 60,
0,1,บริษัท เอ็ม บี เค จำกัด (มหาชน),1285,13/2560,4 ต.ค. 2560,
0,1,บริษัท มิลเลนเนียม ออโต้ กรุ๊ป จำกัด,1286,14/2560,18 ต.ค. 2560,
0,1,ศูนย์ส่งเสริมศิลปาชีพระหว่างประเทศ (องค์การมหาชน),1289,2/2554,12 ม.ค. 2554,
0,1,บริษัท รักษาความปลอดภัย พีซีเอส และฟาซิลิตี้ เซอร์วิสเซส จำกัด,1290,16/2560,22 พ.ย. 60,
0,1,บริษัท เทเวศประกันภัย จำกัด (มหาชน),1291,17/2560,13 ธ.ค. 60,
0,1,บริษัท อลิอันซ์ อยุธยา ประกันภัย จำกัด (มหาชน),1292,17/2560,13 ธ.ค. 60,เดิม บริษัท ศรีอยุธยา เจนเนอรัล ประกันภัย จำกัด (มหาชน)
0,1,บริษัท เกรทเซ็นทรัล (อินเตอร์เนชั่นแนล) จำกัด,1293,1/2561,10 ม.ค. 61,
0,1,บริษัท โตเจริญพร ๙ จำกัด,1294,2/2561,24 ม.ค. 61,
0,1,บริษัท ธนาคารไทยพาณิชย์ จำกัด (มหาชน),1295,กสทช. 3/2561,14 ก.พ. 2561,
0,1,สำนักงานปรมาณูเพื่อสันติ,1296,5/2561,14 มี.ค. 2561,
0,1,บริษัท อินเตอร์ เอ็กซ์เพรส โลจิสติกส์ จำกัด,1297,7/2561,11 เม.ย. 2561,
0,1,บริษัท สุขุมวิท 43 คอนโดมิเนียม จำกัด,1298,7/2561,11 เม.ย. 2561,เดิม บริษัท วี พร็อพเพอร์ตี้ ดีเวลลอปเมนท์ จำกัด
0,1,กระทรวงการพัฒนาสังคมและความมั่นคงของมนุษย์ (ศูนย์ประชาบดี),1300,26/2548,11 เม.ย. 2548,
1,2,บ้านพักเด็กและครอบครัวจังหวัดบึงกาฬ,1300,26/2548,11 เม.ย. 2548,ใช้งานร่วมกับกระทรวงพัฒนาสังคมและความมั่นคงของมนุษย์
0,1,สำนักงานส่งเสริมวิสาหกิจขนาดกลางและขนาดย่อม (สสว.),1301,26/2553,25 ส.ค. 2553,
0,1,ธนาคารอิสลามแห่งประเทศไทย,1302,35/2553,3 พ.ย. 2553,
0,1,สภาวิศวกร,1303,39/2556,12 พ.ย. 56,
0,1,บริษัท เลิฟ ลีสซิ่ง จำกัด,1304,8/2561,25 เม.ย. 2561,
0,1,บริษัท ไซมิส แอสเสท จำกัด (มหาชน),1306,10/2561,30 พ.ค. 2561,เดิม บริษัท ไซมิส แอสเสท จำกัด
0,1,บริษัท สุขภาพดี-อายุยืน การแพทย์ จำกัด,1307,12/2561,25 มิ.ย. 2561,
0,1,บริษัท ซีอาร์ซี ไทวัสดุ จำกัด,1308,12/2561,25 มิ.ย. 2561,
0,1,บริษัท ไทยประกันภัย จำกัด (มหาชน),1309,12/2561,25 มิ.ย. 2561,
0,1,กระทรวงทรัพยากรธรรมชาติและ สิ่งแวดล้อม,1310,50/2548,20 ต.ค. 2548,
0,1,บริษัท ซีพี รีเทลลิงค์ จำกัด,1311,12/2561,25 มิ.ย. 2561,
0,1,บริษัท เซ็นทรัล เรสตอรองส์ กรุ๊ป จำกัด,1312,12/2561,25 มิ.ย. 2561,
0,1,สำนักงานปลัดกระทรวงการอุดมศึกษา วิทยาศาสตร์ วิจัยและนวัตกรรม,1313,18/2553 และ 39/2553,29 ส.ค. 2551,เดิม สำนักงานปลัดกระทรวงวิทยาศาสตร์และเทคโนโลยี
0,1,บริษัท ธนาคารไทยพาณิชย์ จำกัด (มหาชน),1314,12/2561,25 มิ.ย. 2561,
0,1,บริษัท ไทยพาณิชย์ประกันชีวิต จำกัด (มหาชน),1315,12/2561,25 มิ.ย. 2561,
0,1,บริษัท นราวดี พร็อพเพอร์ตี้ จำกัด,1316,18/2561,19 ก.ย. 2561,
0,1,บริษัท สยามคูโบต้า ลีสซิ่ง จำกัด,1317,18/2561,19 ก.ย. 2561,
0,1,บริษัท สายการบินนกแอร์ จำกัด (มหาชน),1318,18/2553 และ 39/2553,29 ส.ค. 2551,
0,1,บริษัท เดอะ บางกอก เรซิเดนซ์ ๘๘ จำกัด,1319,18/2561,19 ก.ย. 2561,
0,1,บริษัท ไอ.แอล.เอส จำกัด,1320,18/2561,19 ก.ย. 2561,
0,1,สำนักงานตำรวจราชสำนัก (สำนักงานตำรวจแห่งชาติ),1321,18/2553 และ 39/2553,29 ส.ค. 2551,
0,1,บริษัท กสท โทรคมนาคม จำกัด (มหาชน),1322,8/2551,28 ก.พ. 2551,
0,1,หน่วยบริการสังกัดกรมสุขภาพจิต (กระทรวงสาธารณาสุข),1323,18/2553 และ 39/2553,29 ส.ค. 2551,
0,1,บริษัท เพาเวอร์บาย จำกัด,1324,18/2561,19 ก.ย. 2561,
0,1,บริษัท มิตซูบิชิ อีเล็คทริค กันยงวัฒนา จำกัด,1325,19/2561,10 ต.ค. 2561,
0,1,บริษัท ทรู ดิจิทัล กรุ๊ป จำกัด,1326,19/2561,10 ต.ค. 2561,เดิม บริษัท ทรู ดิจิตอล แอนด์ มีเดีย แพลตฟอร์ม จำกัด
0,1,ธนาคารแลนด์ แอนด์ เฮ้าส์ จำกัด (มหาชน),1327,19/2561,10 ต.ค. 2561,
0,1,บริษัท จีพีซีเอ็ม กรุ๊ป จำกัด,1328,19/2561,10 ต.ค. 2561,
0,1,สำนักงานหลักประกันสุขภาพแห่งชาติ,1330,18/2553 และ 39/2553,29 ส.ค. 2551,
0,1,กรมศุลกากร,1332,18/2553 และ 39/2553,29 ส.ค. 2551,
0,1,ธนาคารกรุงเทพ จำกัด (มหาชน),1333,18/2553 และ 39/2553,29 ส.ค. 2551,
0,1,บริษัท ซัมมิท ฮอนด้า ออโต้โมบิล จำกัด,1334,20/2561,31 ต.ค. 2561,
0,1,บริษัท วีแคนบาย จำกัด,1336,20/2561,31 ต.ค. 2561,
0,1,บริษัท ทีโอที จำกัด (มหาชน),1337,8/2551,28 ก.พ. 2551,
0,1,บริษัท ไอคอนสยาม จำกัด,1338,20/2561,31 ต.ค. 2561,
0,1,มูลนิธิรัฐบุรุษ พลเอกเปรม ติณสูลานนท์,1339,ประธาน กสทช.,19 ส.ค. 2562,
0,1,สำนักงานตำรวจแห่งชาติ (ตำรวจภูธร 9),1340,18/2553 และ 39/2553,29 ส.ค. 2551,
0,1,กองอำนวยการรักษาความมั่นคงภายในราชอาณาจักร ภาค 4 ส่วนหน้า ปัตตานี (สำนักนายกรัฐมนตรี),1341,18/2553 และ 39/2553,29 ส.ค. 2551,
0,1,สำนักงานปลัด (กระทรวงมหาดไทย),1342,18/2553 และ 39/2553,29 ส.ค. 2551,
0,1,บริษัท ริชี่ เพลส ๒๐๐๒ จำกัด (มหาชน),1343,24/2561,19 ธ.ค. 2561,
0,1,บริษัท เอสแอนด์ พีซินดิเคท จำกัด (มหาชน),1344,18/2553 และ 39/2553,29 ส.ค. 2551,
0,1,บริษัท บิซิเนส ซีทีเอส จำกัด,1345,1/2562,8 ม.ค. 2562,
0,1,บริษัท นาโนนีเซีย จำกัด,1346,1/2562,8 ม.ค. 2562,
0,1,บริษัท เมกา โฮม เซ็นเตอร์ จำกัด,1347,3/2562,12 ก.พ. 2562,
0,1,องค์การขนส่งมวลชนกรุงเทพ (ขสมก.),1348,13/2554,4 พ.ค. 2554,
0,1,บริษัท เอส เอฟ คอร์ปอเรชั่น จำกัด (มหาชน),1349,3/2562,12 ก.พ. 2562,
0,1,พรรคพลังประชารัฐ,1350,3/2562,12 ก.พ. 2562,
0,1,บริษัท เอฟดับบลิวดี ประกันชีวิต จำกัด (มหาชน),1351,5/2562,26 มี.ค. 62,
0,1,บริษัทไทยเศรษฐกิจประกันภัย จำกัด (มหาชน),1352,18/2553 และ 39/2553,29 ส.ค. 2551,
0,1,บริษัท วิน วิน แคปปิตอล จำกัด,1353,6/2562,9 เม.ย. 2562,
0,1,บริษัท ทัวร์ครับ.คอม จำกัด,1354,7/2562,23 เม.ย. 2562,
0,1,สำนักงานศาลปกครอง,1355,18/2553 และ 39/2553,29 ส.ค. 2551,
0,1,ศูนย์ปลอดภัยกระทรวงคมนาคม (กระทรวงคมนาคม),1356,18/2553 และ 39/2553,29 ส.ค. 2551,
0,1,ธนาคารพัฒนาวิสาหกิจขนาดกลางและขนาดย่อมแห่งประเทศไทย,1357,18/2553 และ 39/2553,29 ส.ค. 2551,
0,1,กรมส่งเสริมอุตสาหกรรม (กระทรวงอุตสาหกรรม),1358,18/2553 และ 39/2553,29 ส.ค. 2551,
0,1,สำนักงานเศรษฐกิจการคลัง,1359,18/2553 และ 39/2553,29 ส.ค. 2551,
0,1,บริษัท เทคโนเมดิคัล จำกัด (มหาชน),1360,9/2562,21 พ.ค. 2562,
0,1,บริษัท เฮงลิสซิ่ง จำกัด,1361,10/2562,11 มิ.ย. 2562,
0,1,กรมอุทยานแห่งชาติ สัตว์ป่าและพันธ์พืช,1362,18/2553 และ 39/2553,29 ส.ค. 2551,
0,1,กรมสื่อสารทหารอากาศ,1363,18/2553 และ 39/2553,29 ส.ค. 2551,
0,1,บริษัท ดีเคเอสเอช (ประเทศไทย) จำกัด (มหาชน),1364,18/2553 และ 39/2553,29 ส.ค. 2551,
0,1,บริษัท ปตท. จำกัด (มหาชน),1365,18/2553 และ 39/2553,29 ส.ค. 2551,
0,1,บริษัท ตรีเพชรอีซูซุลิสซิ่ง จำกัด,1366,10/2562,11 มิ.ย. 2562,
0,1,โรงพยาบาลรามาธิบดี (กระทรวงสาธารณสุข),1367,18/2553 และ 39/2553,29 ส.ค. 2551,
0,1,กรมทรัพย์สินทางปัญญา (กระทรวงพาณิชย์),1368,18/2553 และ 39/2553,29 ส.ค. 2551,
0,1,บริษัท บริดจสโตน เอ.ซี.ที (ประเทศไทย) จำกัด,1369,10/2562,11 มิ.ย. 2562,
0,1,บริษัท ซีเอส ล็อกซอินโฟ จำกัด (มหาชน),1370,12/2562,9 ก.ค. 2562,
0,1,บริษัท ซีพี ออลล์ จำกัด (มหาชน),1371,13/2562,23 ก.ค. 2562,
0,1,บริษัท แอ็คเค้าน์ แชนเนล จำกัด (มหาชน),1372,14/2562,13 ส.ค. 2562,
0,1,บริษัท อลิอันซ์ อยุธยา ประกันชีวิต จำกัด (มหาชน),1373,18/2553 และ 39/2553,29 ส.ค. 2551,
0,1,กองอำนวยการรักษาความมั่นคงภายในราชอาณาจักร (สำนักนายกรัฐมนตรี),1374,18/2553 และ 39/2553,29 ส.ค. 2551,
0,1,บริษัท พร็อพเพอร์ตี้เพอร์เฟค จำกัด (มหาชน),1375,18/2553 และ 39/2553,29 ส.ค. 2551,
0,1,บริษัท เซ็นคอร์ปอเรชั่นกรุ๊ป จำกัด (มหาชน),1376,14/2562,13 ส.ค. 2562,บริษัท เซ็นเรสเตอร์รองโฮลดิ้ง จำกัด บริษัท กิวกริลกรุ๊ป จำกัด บริษัท โตเกียว คอนเซปท์ จำกัด และบริษัท เซ็น แอนด์ สไปซี่ จำกัด ใช้ร่วม
0,1,สำนักงานคณะกรรมการสิทธิมนุษยชนแห่งชาติ,1377,18/2553 และ 39/2553,29 ส.ค. 2551,
0,1,บริษัท โรงพยาบาลบำรุงราษฎร์ จำกัด (มหาชน),1378,16/2562,24 ก.ย. 2562,
0,1,บริษัท อินเด็กซ์ ลิฟวิ่งมอลล์ จำกัด (มหาชน),1379,16/2562,24 ก.ย. 2562,
0,1,บริษัท สยามยีเอสเซลส์ จำกัด,1380,16/2562,24 ก.ย. 2562,
0,1,บริษัท ซีทราน เฟอร์รี่ จำกัด,1381,16/2562,24 ก.ย. 2562,
0,1,บริษัท มิซูมิ (ไทยแลนด์) จำกัด,1382,17/2562,4 ต.ค. 2562,
0,1,บริษัท ฟอร์ด เซลส์ แอนด์ เซอร์วิส (ประเทศไทย) จำกัด,1383,19/2562,12 พ.ย. 2562,
0,1,บริษัท ลินเด้ จำกัด (มหาชน),1384,18/2553 และ 39/2553,29 ส.ค. 2551,
0,1,กรมการค้าต่างประเทศ (กระทรวงพาณิชย์),1385,18/2553 และ 39/2553,29 ส.ค. 2551,
0,1,สำนักงาน ปปส.,1386,18/2553 และ 39/2553,29 ส.ค. 2551,
0,1,มูลนิธิสายเด็ก,1387,9/2552,16 มี.ค. 2552,
0,1,บริษัท ควอลิตี้เฮ้าส์ จำกัด (มหาชน),1388,18/2553 และ 39/2553,29 ส.ค. 2551,
0,1,บริษัท ซัมมิท ฟุตแวร์ จำกัด,1389,19/2562,12 พ.ย. 2562,
0,1,บริษัท เพชรบุรีการแพทย์ จำกัด,1390,19/2562,12 พ.ย. 2562,
0,1,บริษัท ซีคอน จำกัด,1391,20/2561,26 พ.ย. 2562,
0,1,บริษัท พระราม ๓ กรุ๊ป ฮอนด้า ออโต้โมบิล จำกัด,1392,22/2562,24 ธ.ค. 2562,
0,1,บริษัท นารายณ์พร็อพเพอตี้ จำกัด,1393,22/2562,24 ธ.ค. 2562,
0,1,บริษัท เจนเนอราลี่ ประกันชีวิต (ไทยแลนด์) จำกัด (มหาชน),1394,22/2562,24 ธ.ค. 2562,
0,1,บริษัท อรินสิริ แลนด์ จำกัด (มหาชน),1395,22/2562,24 ธ.ค. 2562,
0,1,บริษัท มาสเตอร์ มอเตอร์ เซอร์วิสเซส (ประเทศไทย) จำกัด,1396,22/2562,24 ธ.ค. 2562,
0,1,บริษัท บีเอ็มดับเบิลยู ลิสซิ่ง (ประเทศไทย) จำกัด,1397,1/2563,29 ม.ค. 2563,
0,1,บริษัท พลัส 1 จำกัด,1398,1/2563,29 ม.ค. 2563,
0,1,มูลนิธิการศึกษาทางไกลผ่านดาวเทียม (วังไกลกังวล),1399,18/2553 และ 39/2553,29 ส.ค. 2551,
0,1,โรงพยาบาลพระมงกุฎเกล้า,1411,11/2552,1 เม.ย. 2552,
0,1,มูลนิธิสากลเพื่อคนพิการ,1412,กทค. 2/2555,10 ม.ค. 2555,
0,1,มูลนิธิวิถีสุข,1413,30/2552,2 ก.ย. 2552,
0,1,สมาคมคนตาบอดแห่งประเทศไทย,1414,3/2552,26 ม.ค. และ 29 ม.ค. 2552,
0,1,สถาบันสุขภาพเด็กแห่งชาติมหาราชินี,1415,10/2556,17 พฤษภาคม 2556,
0,1,การไฟฟ้าฝ่ายผลิตแห่งประเทศไทย,1416,6/2553,17 มี.ค. 2553,
0,1,มูลนิธิป่อเต็กตึ๊ง,1418,32/2556,11 ก.ย. 2556,
0,1,กระทรวงสาธารณสุข,1422,24/2552,15 ก.ค. 2552,
0,1,กรมชลประทาน (กระทรวงเกษตรและสหกรณ์),1460,27/2550,20 ก.ค. 2550,
0,1,โรงพยาบาลศิริราช,1474,18/2553 และ 39/2553,29 ส.ค. 2551,
0,1,บริษัท ทีโอที จำกัด (มหาชน),1477,8/2551,28 ก.พ. 2551,
0,1,มูลนิธิพระมหาไถ่เพื่อการพัฒนาคนพิการ,1479,11/2556,20 มีนาคม 2556,
0,1,บริษัท เมืองไทยประกันภัย จำกัด (มหาชน),1484,18/2553 และ 39/2553,29 ส.ค. 2551,
0,1,บริษัท ทีโอที จำกัด (มหาชน),1490,8/2551,28 ก.พ. 2551,
0,1,สำนักงานประกันสังคม,1506,18/2553 และ 39/2553,29 ส.ค. 2551,
0,1,สำนักงานราชเลขานุการในพระองค์สมเด็จพระเจ้าอยู่หัว,1510,กสทช. 6/2561,23 มี.ค. 61,
0,1,สำนักงานราชเลขานุการในพระองค์สมเด็จพระเจ้าอยู่หัว,1511,กสทช. 6/2561,23 มี.ค. 61,
0,1,บริษัท ทริปเปิลที บรอดแบนด์ จำกัด (มหาชน),1530,15/2550,26 เม.ย. 2550,
0,1,บริษัท ปตท. จำกัด (มหาชน),1540,18/2553 และ 39/2553,29 ส.ค. 2551,
0,1,การทางพิเศษแห่งประเทศไทย,1543,18/2553 และ 39/2553,29 ส.ค. 2551,
0,1,บริษัท กสท โทรคมนาคม จำกัด (มหาชน),1544,8/2551,28 ก.พ. 2551,
0,1,บริษัท ไปรษณีย์ไทย จำกัด,1545,18/2553 และ 39/2553,29 ส.ค. 2551,
0,1,กรมสวัสดิการและคุ้มครองแรงงาน (กระทรวงแรงงานและสวัสดิการสังคม),1546,18/2553 และ 39/2553,29 ส.ค. 2551,
0,1,กรมการปกครอง,1548,18/2553 และ 39/2553,29 ส.ค. 2551,
0,1,ธนาคารสแตนดาร์ด ชาร์เตอร์ด (ไทย) จำกัด (มหาชน),1553,18/2553 และ 39/2553,29 ส.ค. 2551,
0,1,กรุงเทพมหานคร (สำนักการแพทย์ หน่วยแพทย์กู้ชีพ),1554,18/2553 และ 39/2553,29 ส.ค. 2551,
0,1,ศาลาว่าการจังหวัดกรุงเทพ,1555,18/2553 และ 39/2553,29 ส.ค. 2551,
0,1,สำนักงานคณะกรรมการอาหารและยา (กระทรวงสาธารณสุข),1556,18/2553 และ 39/2553,29 ส.ค. 2551,
0,1,บริษัท วิริยะประกันภัย จำกัด (มหาชน),1557,18/2553 และ 39/2553,29 ส.ค. 2551,
0,1,ธนาคารทหารไทย จำกัด (มหาชน),1558,18/2553 และ 39/2553,29 ส.ค. 2551,
0,1,สำนักงานปลัดกระทรวงอุตสาหกรรม,1563,18/2553 และ 39/2553,29 ส.ค. 2551,
0,1,กรมโรงงานอุตสาหกรรม (กระทรวงอุตสาหกรรม),1564,18/2553 และ 39/2553,29 ส.ค. 2551,
0,1,สำนักงานปลัดกระทรวงมหาดไทย,1567,18/2553 และ 39/2553,29 ส.ค. 2551,
0,1,กรมการค้าภายใน (กระทรวงพาณิชย์),1569,18/2553 และ 39/2553,29 ส.ค. 2551,
0,1,กรมพัฒนาธุรกิจ กระทรวงพาณิชย์,1570,18/2553 และ 39/2553,29 ส.ค. 2551,
0,1,บริษัท อยุธยา แคปปิตอล ออโต้ ลีส จำกัด (มหาชน),1572,1/2554,5 ม.ค. 2554,ใช้งานร่วมกับธนาคารกรุงศรีอยุธยา จำกัด (มหาชน)
1,2,ธนาคารกรุงศรีอยุธยา จำกัด (มหาชน),1572,18/2553 และ 39/2553,29 ส.ค. 2551,
0,1,บริษัท 1577 โฮมชอปปิ้ง จำกัด,1577,18/2553 และ 39/2553,29 ส.ค. 2551,เดิม บริษัท พรอพเพอร์ตี้เทคโนโลยี จำกัด
0,1,กระทรวงศึกษาธิการ (ศูนย์ช่วยเหลือเด็กทางการศึกษา),1579,18/2553 และ 39/2553,29 ส.ค. 2551,
0,1,บริษัท อเมริกันอินเตอร์แนชชั่นแนลแอสชัวรันส์ จำกัด,1581,18/2553 และ 39/2553,29 ส.ค. 2551,
0,1,กรมการขนส่งทางบก (กระทรวงคมนาคม),1584,18/2553 และ 39/2553,29 ส.ค. 2551,
0,1,กรมทางหลวง (สำนักงานเลขานุการกรม),1586,18/2553 และ 39/2553,29 ส.ค. 2551,เดิม กรมทางหลวง (สำนักงานประชาสัมพันธ์) แจ้งเปลี่ยนหน่วยงานรับผิดชอบ ตามหนังสือ กรมทางหลวง ที่ คค 06001/800 ลงวันที่ 30 ม.ค. 60
1,2,ธนาคารธนชาต จำกัด (มหาชน),1586,18/2553 และ 39/2553,29 ส.ค. 2551,
0,1,ธนาคารซิตี้แบงค์,1588,18/2553 และ 39/2553,29 ส.ค. 2551,
0,1,ธนาคารเพื่อการเกษตรและสหกรณ์การเกษตร (ธ.ก.ส.),1593,18/2553 และ 39/2553,29 ส.ค. 2551,
0,1,บริษัท สินมั่นคงประกันภัย จำกัด (มหาชน),1596,18/2553 และ 39/2553,29 ส.ค. 2551,
0,1,สำนักงานตำรวจแห่งชาติ (ศูนย์ปราบปรามการโจรกรรมรถยนต์รถจักยานยนต์),1599,18/2553 และ 39/2553,29 ส.ค. 2551,
0,1,ศูนย์บริการเลิกบุหรี่ทางโทรศัพท์แห่งชาติ,1600,18/2553 และ 39/2553,29 ส.ค. 2551,
0,1,บริษัท ยูอิน โฟ จำกัด,1601,28/2555,1 ส.ค.2555,
0,1,บริษัท ไทยร่วมค้าเดอะซิสเต็ม,1602,32/2555,28 ส.ค. 2555,
0,1,บริษัท วันทูออล จำกัด,1605,36/2555,3 ต.ค. 2555,
0,1,บริษัท ควอลิตี้ เอ็กซ์เพรส จำกัด,1606,36/2555,3 ต.ค.2555,
0,1,บริษัท เวอร์รีน่า อินเตอร์เนชั่นแนล จำกัด,1607,36/2555,3 ต.ค.2555,
0,1,บริษัท ณุศาศิริ จำกัด (มหาชน),1608,26/2556,31 ก.ค. 2556,
0,1,บริษัท โรงพยาบาล จุฬารัตน์ จำกัด (มหาชน),1609,10/2556,13 มี.ค. 2556,
0,1,บริษัท ไลฟ แอนด์ ลิฟวิ่ง จำกัด,1610,10/2556,13 มี.ค. 2556,
0,1,บริษัท เนเร่ จำกัด,1611,10/2556,13 มี.ค. 2556,
0,1,บริษัท ฟู้ด แคปปิตอล จำกัด (มหาชน),1612,10/2556,13 มี.ค. 2556,เดิม บริษัท เอฟโวลูชั่น แคปปิตอล จำกัด (มหาชน)
0,1,บริษัท ซิมโฟนี่ คอมมูนิเคชั่น จำกัด (มหาชน),1613,10/2556,13 มี.ค. 2556,
0,1,บริษัท พีทีจี เอ็นเนอยี จำกัด (มหาชน),1614,10/2556,13 มี.ค. 2556,
0,1,การเคหะแห่งชาติ,1615,18/2553 และ 39/2553,29 ส.ค. 2551,
0,1,บริษัท ทีวี ไดเร็ค จำกัด (มหาชน),1618,10/2556,13 มี.ค. 2556,
0,1,บริษัท กรุงเทพประกันภัย จำกัด (มหาชน),1620,18/2553 และ 39/2553,29 ส.ค. 2551,
0,1,บริษัท พรูเด็นเชียล ประกันชีวิต (ประเทศไทย) จำกัด (มหาชน),1621,11/2556,20 มี.ค. 2556,
0,1,บริษัท มั่นคงเคหะการ จำกัด (มหาชน),1622,17/2556,10 พ.ค. 2556,
0,1,บริษัท เอเชี่ยน พร็อพเพอร์ตี้ ดีเวลลอปเม้นท์ (มหาชน) จำกัด,1623,17/2556,10 พ.ค. 2556,
0,1,บริษัท นครชัยแอร์ จำกัด,1624,26/2556,31 ก.ค. 2556,
0,1,บริษัท คาไลเดสโคป พร็อบเพอร์ตี้ส์ จำกัด,1627,32/2556,11 กันยายน 2556,
0,1,บริษัท คิงเพาเวอร์ อินเตอร์เนชั่นแนล จำกัด,1631,38/2556,29 ต.ค. 2556,
0,1,บริษัท ผาทอง 24 จำกัด,1634,40/2556,18 ธ.ค. 56,
0,1,บริษัท กฤษดามหานคร จำกัด (มหาชน),1636,40/2556,18 ธ.ค. 56,
0,1,บริษัท เจริญเคเบิลทีวี เน็ตเวอร์ค จำกัด,1637,3/2557,28 ม.ค. 2557,
0,1,บริษัท ยันมาร์ แคบปิตอล (ไทยแลนด์) จำกัด,1638,3/2557,28 ม.ค. 2557,
0,1,บริษัท เมโทรซิสเต็มส์คอร์ปอเรชั่น จำกัด (มหาชน),1640,3/2557,28 ม.ค. 2557,
0,1,บริษัท เอ็มเค เรสโตรองต์ กรุ๊ป จำกัด (มหาชน),1642,7/2557,18 มีนาคม 2557,
0,1,สำนักงานตำรวจแห่งชาติ (กองตำรวจสื่อสาร ) (สถานีวิทยุพิทักษ์สันติราษฎร์ สวพ.91),1644,18/2553 และ 39/2553,29 ส.ค. 2551,
0,1,บริษัท ธนบุรี เฮลท์แคร์ กรุ๊ป จำกัด (มหาชน),1645,8/2557,8 เม.ย. 2557,ชื่อเดิม บริษัท โรงพยาบาลธนบุรี จำกัด (มหาชน)
0,1,กรุงเทพมหานคร (สำนักการแพทย์ศูนย์เอราวัณ),1646,18/2553 และ 39/2553,29 ส.ค. 2551,
0,1,บริษัท ไทยเร้นท์อะคาร์ (1978) จำกัด,1647,13/2557,20 พ.ค. 2557,
0,1,องค์การเภสัชกรรม,1648,18/2553 และ 39/2553,29 ส.ค. 2551,
0,1,กรมควบคุมมลพิษ (กระทรวงทรัพยากรธรรมชาติและสิ่งแวดล้อม),1650,18/2553 และ 39/2553,29 ส.ค. 2551,
0,1,บริษัท บางจากปิโตรเลียม จำกัด (มหาชน),1651,13/2557,20 พ.ค. 2557,
0,1,บริษัท ศรีสวัสดิ์ คอร์ปอเรชั่น จำกัด (มหาชน),1652,15/2557,11 มิ.ย. 57,เดิม บริษัท ศรีสวัสดิ์ พาวเวอร์ 1979 จำกัด (มหาชน)
0,1,สำนักงานส่งเสริมการศึกษานอกระบบและการศึกษาตามอัธยาศัย (ก.ศ.น.),1660,18/2553 และ 39/2553,29 ส.ค. 2551,
0,1,สหกรณ์แท็กซี่สยาม จำกัด,1661,18/2553 และ 39/2553,29 ส.ค. 2551,
0,1,การประปาส่วนภูมิภาค,1662,18/2553 และ 39/2553,29 ส.ค. 2551,
0,1,สภากาชาดไทย (ศูนย์วิจัยโรคเอดส์),1663,18/2553 และ 39/2553,29 ส.ค. 2551,
0,1,สภากาชาดไทย,1664,18/2553 และ 39/2553,29 ส.ค. 2551,
0,1,สภากาชาดไทย,1666,18/2553 และ 39/2553,29 ส.ค. 2551,
0,1,กระทรวงสาธารณสุข (กรมสุขภาพจิต ใช้ในโครงการ TO BE NUMBER ONE),1667,18/2553 และ 39/2553,29 ส.ค. 2551,
0,1,สถาบันโรคทรวงอก และสถาบันมะเร็งแห่งชาติ (กรมการแพทย์),1668,18/2553 และ 39/2553,29 ส.ค. 2551,
0,1,กระทรวงสาธารณสุข (ศูนย์นเรนทร),1669,18/2553 และ 39/2553,29 ส.ค. 2551,
0,1,บริษัท ซีทีไอ โลจิสติกส์ จำกัด,1671,18/2553 และ 39/2553,29 ส.ค. 2551,
0,1,การท่องเที่ยวแห่งประเทศไทย,1672,18/2553 และ 39/2553,29 ส.ค. 2551,
0,1,สำนักงานผู้ตรวจการแผ่นดิน,1676,18/2553 และ 39/2553,29 ส.ค. 2551,
0,1,บริษัท ไอ.เอ็น.เอ็น.เรดิโอ จำกัด และ บมจ. ยูไนเต็ดคอมมูนิเคชั่น,1677,18/2553 และ 39/2553,29 ส.ค. 2551,
0,1,บริษัท โทเทิ่ล แอ็คเซ็ส คอมมูนิเคชั่น จำกัด (มหาชน),1678,35/2551,25 ก.ย. 2551,
0,1,บริษัท ไทยเอซ คอมมูนิเคชั่น จำกัด,1681,18/2553 และ 39/2553,29 ส.ค. 2551,
0,1,บริษัท แสนสิริ จำกัด (มหาชน),1685,18/2553 และ 39/2553,29 ส.ค. 2551,
0,1,กองบัญชาการตำรวจปราบปรามยาเสพติด (สตช.),1688,18/2553 และ 39/2553,29 ส.ค. 2551,
0,1,สำนักงานปลัดกระทรวงการคลัง,1689,18/2553 และ 39/2553,29 ส.ค. 2551,
0,1,การรถไฟแห่งประเทศไทย,1690,18/2553 และ 39/2553,29 ส.ค. 2551,
0,1,สำนักงานตำรวจแห่งชาติ (โรงพยาบาลตำรวจ),1691,18/2553 และ 39/2553,29 ส.ค. 2551,
0,1,สำนักบริหารงานคณะกรรมการส่งเสริมการศึกษาเอกชน,1693,18/2553 และ 39/2553,29 ส.ค. 2551,
0,1,กรมการจัดหางาน,1694,18/2553 และ 39/2553,29 ส.ค. 2551,
0,1,กองทัพเรือ (กรมการสื่อสารและเทคโนโลยีสารสนเทศทหารเรือ),1696,18/2553 และ 39/2553,29 ส.ค. 2551,
0,1,สนง.ป้องกันและปราบปรามการฟอกเงิน (ป.ป.ง.),1710,18/2553 และ 39/2553,29 ส.ค. 2551,
0,1,บริษัท แมคไทย จำกัด,1711,18/2553 และ 39/2553,29 ส.ค. 2551,
0,1,บริษัท เทสโก้ โลตัส มันนี่ เซอร์วิสเซส จำกัด,1712,1/2554,5 ม.ค. 2554,เดิม บริษัท เทสโก้ คาร์ด เซอร์วิสเซส จำกัด
0,1,กรมสรรพสามิต,1713,18/2553 และ 39/2553,29 ส.ค. 2551,
0,1,บริษัท เอกชัยการแพทย์ จำกัด (โรงพยาบาลเอกชัย),1715,1/2554,5 ม.ค. 2554,
0,1,มูลนิธิคุณพุ่ม,1718,61/2548,28 ธ.ค. 2548,
0,1,บริษัท กรุงเทพดุสิตเวชการ จำกัด (มหาชน),1719,18/2553 และ 39/2553,29 ส.ค. 2551,
0,1,บริษัท ศุภาลัย จำกัด (มหาชน),1720,1/2554,5 ม.ค. 2554,
0,1,บริษัท ทีเอ็นที เอ็กซเพรส เวิลด์ไวด์ (ประเทศไทย) จำกัด,1721,4/2554,26 ม.ค. 2554,
0,1,บริษัท ท่าอากาศยานไทย จำกัด,1722,31/2553,29 ก.ย. 2553,
0,1,โรงพยาบาลยันฮี,1723,30/2552,2 ก.ย. 2552,
0,1,บริษัท กรุงเทพดุสิตเวชการ จำกัด (มหาชน),1724,22/2556,10 มิถุนายน 2556,
0,1,บริษัท หลักทรัพย์จัดการกองทุนทหารไทย จำกัด,1725,23/2550,21 มิ.ย. 2550,
0,1,บริษัท อาคเนย์ประกันภัย จำกัด (มหาชน),1726,30/2552,2 ก.ย. 2552,
0,1,บริษัท ซิลลิค ฟาร์มา จำกัด,1727,4/2554,26 ม.ค. 2554,
0,1,บริษัท ศิครินทร์ จำกัด (มหาชน),1728,42/2550,1 พ.ย. 2550,
0,1,บริษัท สินทรัพย์ประกันภัย จำกัด (มหาชน),1729,42/2550,1 พ.ย. 2550,
0,1,บริษัท อีซี่ ซิสเต็ม เทเลคอม จำกัด,1730,9/2554,16 มี.ค. 2554,
0,1,บริษัท ปูนซีเมนต์นครหลวง จำกัด (มหาชน),1732,42/2552,3 ธ.ค. 2552,
0,1,บริษัท วิน วิน เน็ต คอร์ปอเรชั่น จำกัด,1733,2/2551,17 ม.ค. 2551,
0,1,บริษัท เชฟโรเลต เซลล์ (ประเทศไทย) จำกัด,1734,11/2551,27 มี.ค. 2551,
0,1,บริษัท ชัยโย เอเอ จำกัด,1735,12/2554,27 เม.ย. 2554,
0,1,บริษัท ทิพยประกันภัย จำกัด,1736,12/2554,27 เม.ย. 2554,
0,1,บริษัท ทีคิวเอ็ม อินชัวร์รันส์ โบรคเกอร์ จำกัด,1737,11/2551,27 มี.ค. 2551,
0,1,บริษัท พฤกษา เรียลเอสเตท จำกัด (มหาชน),1739,48/2551,24 ธ.ค. 2551,
0,1,บริษัท ซุปเปอร์ บรอดแบนด์ เน็ทเวอร์ค จำกัด,1740,48/2551,24 ธ.ค. 2551,
0,1,บริษัท มิตรแท้ประกันภัย จำกัด (มหาชน),1741,12/2554,27 เม.ย. 2554,
0,1,บริษัท ซุปเปอร์ บรอดแบนด์ เน็ทเวอร์ค จำกัด,1742,48/2551,24 ธ.ค. 2551,
0,1,สำนักงานเลขาธิการสภาผู้แทนราษฎร,1743,18/2553 และ 39/2553,29 ส.ค. 2551,
0,1,บริษัท บางปะกอก ฮอสพิทอล กรุ๊ป จำกัด,1745,48/2551,24 ธ.ค. 2551,
0,1,บริษํท ดูโอม จำกัด,1746,10/2556,13 มี.ค. 2556,เดิม บริษํท อุบลวัสดุ จำกัด
0,1,บริษัท สยามคูโบต้าคอร์ปอเรชั่น จำกัด,1747,5/2552,12 ก.พ. 2552,
0,1,บริษัท นวกิจประกันภัย จำกัด (มหาชน),1748,5/2552,12 ก.พ. 2552,
1,2,บริษัท ฟอลคอนประกันภัย จำกัด (มหาชน),1748,32/2553,4 ต.ค. 2553,ใช้งานร่วมกับ บริษัท นวกิจประกันภัย มหาชน (จำกัด) เนื่องจากเป็นบริษัทในเครือเดียวกัน
0,1,บริษัท เอส ซี แอสเสท คอร์ปอเรชั่น จำกัด (มหาชน),1749,17/2554,8 มิ.ย. 2554,
0,1,บริษัท พรอมมิส (ประเทศไทย) จำกัด,1751,18/2554,15 มิ.ย. 2554,
0,1,บริษัท เวลเนสแคร์ จำกัด,1752,42/2552,3 ธ.ค. 2552,
0,1,บริษัท ปริญสิริ จำกัด (มหาชน),1753,42/2552,3 ธ.ค. 2552,
0,1,บริษัท เมโกะบิวตี้ จำกัด,1754,42/2552,3 ธ.ค. 2552,
0,1,บริษัท บิ๊กซี ซูเปอร์เซ็นเตอร์ จำกัด (มหาชน),1756,30/2554,28 ก.ย.2554,
0,1,บริษัท ซิตี้ เซอร์วิส แอนด์ โซลูชั่น จำกัด,1757,10/2556,13 มี.ค. 2556,
0,1,บริษัท ซิกน่า ประกันภัย จำกัด (มหาชน),1758,31/2554,5 ต.ค. 2554,
0,1,บริษัท ดั๊บเบิ้ลเอ (1991) จำกัด (มหาชน),1759,18/2553 และ 39/2553,29 ส.ค. 2551,
0,1,กรมพัฒนาที่ดิน,1760,18/2553 และ 39/2553,29 ส.ค. 2551,
0,1,สำนักงานการปฏิรูปที่ดินเพื่อเกษตรกรรม,1764,18/2553 และ 39/2553,29 ส.ค. 2551,
0,1,กระทรวงวัฒนธรรม,1765,40/2552,18 พ.ย. 2552,
0,1,บริษัท เมืองไทยประกันชีวิต จำกัด (มหาชน),1766,18/2553 และ 39/2553,29 ส.ค. 2551,
0,1,บริษัท เชฟส์ เอ็กซ์เพรส จำกัด,1767,3/2555,17 และ 19 ม.ค. 2555,
0,1,สำนักงานตำรวจแห่งชาติ (คณะกรรมการตรวจสอบและติดตามการบริหารงานตำรวจ),1768,18/2553 และ 39/2553,29 ส.ค. 2551,
0,1,ธนาคารธนชาต จำกัด (มหาชน),1770,18/2553 และ 39/2553,29 ส.ค. 2551,
0,1,บริษัท การบินกรุงเทพ จำกัด (มหาชน),1771,18/2553 และ 39/2553,29 ส.ค. 2551,
0,1,บริษัท โรงพยาบาลพญาไท ๓ จำกัด และโรงพยาบาลพญาไท ๒ ใช้ร่วม *,1772,18/2553 และ 39/2553,29 ส.ค. 2551,
0,1,บริษัท โออิชิ กรุ๊ป (มหาชน) จำกัด,1773,3/2555,17 และ 19 ม.ค. 2555,
0,1,บริษัท เสนาดีเวลลอปเมนท์ จำกัด (มหาชน),1775,6/2553,17 มี.ค. 2553,
0,1,โรงพยาบาลมหาชัย จำกัด (มหาชน),1776,32/2553,4 ต.ค. 2553,
1,2,บริษัท โรงพยาบาล เจ้าพระยา จำกัด (มหาชน),1776,32/2553,4 ต.ค. 2553,ใช้งานร่วมกับ โรงพยาบาลมหาชัย จำกัด (มหาชน) เนื่องจากเป็นหน่วยงานในเครือเดียวกัน
0,1,บริษัท ทีโอที จำกัด (มหาชน) (3 G call Center),1777,18/2553 และ 39/2553,29 ส.ค. 2551,
0,1,บริษัท ลลิล พร็อบเพอร์ตี้ จำกัด (มหาชน),1778,3/2555,17 และ 19 ม.ค. 2555,
0,1,บริษัท อาร์เอส จำกัด (มหาชน),1781,17/2555,2 พฤษภาคม 2555,
0,1,บริษัท เฟดเดอรัล เอ็กซ์เพรส คอร์ปอเรชั่น,1782,18/2553 และ 39/2553,29 ส.ค. 2551,
0,1,บริษัท บิลท์ แลนด์ จำกัด (มหาชน),1783,17/2555,2 พ.ค. 2555,
0,1,กรมป้องกันและบรรเทาสาธารณภัย,1784,18/2553 และ 39/2553,29 ส.ค. 2551,
0,1,บริษัท เนอวานา ไดอิ จำกัด (มหาชน),1787,12/2561,25 มิ.ย. 2561,ใช่ต่อเนื่องจาก บริษัท เนอวานา ดีเวลลอปเม้นท์ จำกัด
0,1,บริษัท ซีพีเอฟ เทรดดิ้ง จำกัด,1788,32/2553,4 ต.ค. 2553,
0,1,บริษัท ไฮเออร์ อีเลคทริคอล แอพพลายส์แอนซ์ (ประเทศไทย) จำกัด,1789,23/2555,20 มิ.ย.2555,
0,1,บริษัท แอลเอ็มจี ประกันภัย จำกัด (มหาชน),1790,10/2550,15 มี.ค. 2550,
0,1,บริษัท กลางคุ้มครองผู้ประสบภัยจากรถ จำกัด (คปภ.),1791,32/2553,4 ต.ค. 2553,
0,1,บริษัท ศรีวิชัยเวชวิวัฒน์ จำกัด (มหาชน),1792,32/2553,4 ต.ค. 2553,
0,1,บริษัท ดีแลนด์ กรุ๊ป จำกัด,1793,32/2553,4 ต.ค. 2553,
0,1,บริษัท บาร์โคนี่ จำกัด,1794,32/2553,4 ต.ค. 2553,
0,1,บริษัท ทีซีที เอสเซสโซรี่ จำกัด,1795,32/2553,4 ต.ค. 2553,
0,1,บริษัท อารียา พรอพเพอร์ตี้ จำกัด (มหาชน),1797,35/2553,3 พ.ย. 2553,
0,1,บริษัท มาสเตอร์ มอเตอร์ เซอร์วิส (ประเทศไทย) จำกัด,1798,35/2553,3 พ.ย. 2553,ใช้งานร่วมกับ บจ.มิลเลนเนียมออโต้
1,2,บริษัท มิลเลนเนียมออโต้ จำกัด,1798,35/2553,3 พ.ย. 2553,ใช้งานร่วมกับ บจ. มาสเตอร์ มอเตอร์ เซอร์วิส
0,1,กรมอุทกศาสตร์,1811,38/2556,29 ต.ค. 2556,
0,1,กรมทหารราบ11รักษาพระองค์,1855,37/2553,17 พ.ย. 2553,
0,1,คณะกรรมการระบบการเตือนภัยล่วงหน้า (ศูนย์เตือนภัยพิบัติแห่งชาติ),1860,29/2548,12 พ.ค. 2548,
0,1,สำนักนายกรัฐมนตรี,1878,19/2553,3 ก.ค. 2553,
0,1,ศูนย์อำนวยการบริหารจังหวัดชายแดนภาคใต้,1879,45/2548,28 ก.ย. 2554,
0,1,ศูนย์อำนวยการบริหารจังหวัดชายแดนภาคใต้ (ศอ.บต.),1880,45/2549,12 ธ.ค. 2549,
0,1,ศูนย์ประสานงานฉุกเฉินแห่งชาติ,1881,57/2548,1 ธ.ค. 2548,
0,1,บริษัท ทีโอที จำกัด (มหาชน),1888,8/2551,28 ก.พ. 2551,
0,1,กระทรวงมหาดไทย (สำนักงานปลัดกระทรวงมหาดไทย ส่วนแยกจังหวัดชายแดนภาคใต้),1890,40/2555,6 พ.ย. 2555,
0,1,กองอำนวยการรักษาความมั่นคงภายใน(กอรมน.),1899,8/2550,1 มี.ค. 2550,
